{"cameraMode":{"drawMode":0,"name":"Shaded","section":"Shading Mode"},"sceneLighting":true,"audioPlay":false,"sceneViewState":{"showFog":true,"showMaterialUpdate":false,"showSkybox":true,"showFlares":true,"showImageEffects":true,"showParticleSystems":true},"in2DMode":false,"pivot":{"x":-658.0144653320313,"y":1.79910147190094,"z":-579.513916015625},"rotation":{"x":-0.05013345554471016,"y":0.9364305734634399,"z":-0.3132460415363312,"w":-0.14987105131149293},"size":2.7249443531036379,"orthographic":false}